﻿{
  "Keys": [
    {
      "Action": "KeyRotateLeft",
      "Code": 113,
      "Key": "Q"
    },
    {
      "Action": "KeyRotateRight",
      "Code": 101,
      "Key": "E"
    },
    {
      "Action": "KeyShiftLeft",
      "Code": 97,
      "Key": "A"
    },
    {
      "Action": "KeyShiftRight",
      "Code": 100,
      "Key": "D"
    },
    {
      "Action": "KeyShiftDown",
      "Code": 115,
      "Key": "S"
    },
    {
      "Action": "KeyNewGame",
      "Code": 110,
      "Key": "N"
    },
    {
      "Action": "KeyPause",
      "Code": 27,
      "Key": "Escape"
    },
    {
      "Action": "KeyContinue",
      "Code": 27,
      "Key": "Escape"
    }
  ]
}